token_id,address
1,stars195juhpvpkgzpqcpqwvqx74zg58tcvjyfegccrd
2,stars1l2v0cl4zz6k0d3jvrkl0puhr5d5vswk6qhfjmr
3,stars1eehg3ta4s4w0v09pe6egn8rykfmhd6n2wsku87
4,stars1n7htchn6skls0v8h7mwlaa68ya30lxrgkqrwnt
5,stars1nzjg55wytpwq8xs58tvul88uckut8z322achzt
6,stars18qnppcmadr75f5y5n25uqgq3snrktx33knmlkj
7,stars1l5x5tzg9v723nurtvkppst9e0q3lmkncl65mar
8,stars1vkthfcdhnn4uvz83q29vwkx2qpzjmpuegnh3dr
9,stars15rph43lzyqe2gem93nxxxalxqvqe7gg4976pnm
10,stars17x2ry75hddumjswr2gr7hwfle7hdtneduqhlfd
11,stars16dtzn6748f69anpk9ukpdq4xzmfhtun7s9jgsy
12,stars12schuyydm0amrg4460t3dyv57tu9yaga2537vf
13,stars1h73qxxw84x8tumyxv4v4qealrc3pf6zgp7c2pf
14,stars1n8j9xve22sh5arf2kfdtdde46udztadaru8n9f
15,stars1c6qypwp802l7z4xj5dad6t5p5wx2zece5zxafc
16,stars1khlp85mj5ljv9lgyam4a3l30jml8eadpj4cxxh
17,stars1uz07k6e0txmv3agfczp4yqm7zsl32fkwhwf320
18,stars188y3w6re6ql8xaywl8f0qqepne6hn6edw2qr0d
19,stars129lt5v9etr4k70q05zlr7nll92kkcp9rnysvfc
20,stars1zxx8j75ngm8m38v9l5wreaavwnsuun7g9nk3tn
21,stars1830649ahmsntdtqm4633cpslt3qllrfpu6jjtu
22,stars1pv8u5y23yq6kvqr4rdxx9hgcqz0dkrgvm8jmg8
23,stars1e9kuj2xheyhmjyfjpx6xc78qs6eqnu9snf4rxe
24,stars1t3adzuwzq9wgqsksvq62m3q3jj5syccnfc7kdz
25,stars1q2yjru58ap4l67g3w6ngtyspkk5edrz9s6e3am
26,stars1xug46uep68c3g6nx5dt8m3jvxvfdenrkzw9dm8
27,stars1jyc2gx72jt0h0puwck5n9r3ag74q3v6egm69y8
28,stars1z92n47uyeyxwtmfsw44nawy5plxfdxpnq449xk
29,stars1z92n47uyeyxwtmfsw44nawy5plxfdxpnq449xk
30,stars1uyjwsywch5h6x9pwrakj46y6fcr3a9w66mkn90
31,stars1uyjwsywch5h6x9pwrakj46y6fcr3a9w66mkn90
32,stars1tff7089cf7fnvt322f6mg7yqhwzncel50hevxh
33,stars12gnkn36sk0wfnrhsfr74ep8qa68pa4gjwcfwcm
34,stars1l5x5tzg9v723nurtvkppst9e0q3lmkncl65mar
35,stars1pv8u5y23yq6kvqr4rdxx9hgcqz0dkrgvm8jmg8
36,stars1pv8u5y23yq6kvqr4rdxx9hgcqz0dkrgvm8jmg8
37,stars1mgd5hkprap8y8jnkptjmm884ymjf2nvrrvcdme
38,stars1jyc2gx72jt0h0puwck5n9r3ag74q3v6egm69y8
39,stars1tntg3chczq232cgxdskd2z7sx24peqjvmr3y43
40,stars1tntg3chczq232cgxdskd2z7sx24peqjvmr3y43
41,stars1tntg3chczq232cgxdskd2z7sx24peqjvmr3y43
42,stars1ugrr5j3m7l2f6daa43e87dhtmjyqu4dedr8pun
43,stars1ugrr5j3m7l2f6daa43e87dhtmjyqu4dedr8pun
44,stars1pw4j58t52qe265q3j99h3fpgz5zkxej6qcydev
45,stars1xug46uep68c3g6nx5dt8m3jvxvfdenrkzw9dm8
46,stars1uzgnpf4lfkl28mdlkqrtvy990suwnklantvjw3
47,stars1sn9q36shl7zlyw4q7q8cvs88pc4v3trvl3pmg5
48,stars1twaqkw5fje0xj5z4jxvft6hsd2gxwfk69x2c5n
49,stars1fprwljg0qkgrxgkcudf4g75t7pm05s5kahwp5k
50,stars1km26nq7cfqe3ljalgx2zzj6h3wppunfnn6je86
51,stars129lt5v9etr4k70q05zlr7nll92kkcp9rnysvfc
52,stars1nllnffudccy2f6wrfv4djaadsvqsr2lavszfd4
53,stars1edz0jjwle27syxwr90y9vn40tt2g8wxa3xr5e2
54,stars1l2v0cl4zz6k0d3jvrkl0puhr5d5vswk6qhfjmr
55,stars1l2v0cl4zz6k0d3jvrkl0puhr5d5vswk6qhfjmr
56,stars1p06guptkql3eannp5cl5qeqh27xwhzjq79dnxj
57,stars1p06guptkql3eannp5cl5qeqh27xwhzjq79dnxj
58,stars1p06guptkql3eannp5cl5qeqh27xwhzjq79dnxj
59,stars1p06guptkql3eannp5cl5qeqh27xwhzjq79dnxj
60,stars1k7jf576xnk20u7k8ca85lsnsdsu9q7wa6kx9fz
61,stars1kpuurcmjv0fhan4z923cpadjrpn57qreckmqmw
62,stars1kpuurcmjv0fhan4z923cpadjrpn57qreckmqmw
63,stars18xxj9y8l42ad8vxpu0pq3gpwq8nj98zpgejxtq
64,stars1xc2h8lk2ngsd36r7t7k89uxahg8p7j03cag63t
65,stars1k7jf576xnk20u7k8ca85lsnsdsu9q7wa6kx9fz
66,stars1l2v0cl4zz6k0d3jvrkl0puhr5d5vswk6qhfjmr
67,stars1k325h8hhqclgfxmexe3crjrkavqn3pqwu479tp
68,stars1jcs6z3dhxp6n7x4tfdehcp5qj4gm0n9qmd5aha
69,stars1khlp85mj5ljv9lgyam4a3l30jml8eadpj4cxxh
70,stars1lugz5yxmlvppjrzrsl9a95yy05k9j58dtv6gkc
71,stars1973qhhswmsf0y99h88t40v7ecgzqhs6rtfunju
72,stars1chwml4tca69lpwezharl8rv3mz97rtwlzruukl
73,stars1rldjvwd52tmgmpxq5cs03ffp2yptlp6n6aqyu7
74,stars1rldjvwd52tmgmpxq5cs03ffp2yptlp6n6aqyu7
75,stars1u5j4l9x3kehxm7qntu6djdhm2lkrlfhmeqpf83
76,stars1t3adzuwzq9wgqsksvq62m3q3jj5syccnfc7kdz
77,stars1l2v0cl4zz6k0d3jvrkl0puhr5d5vswk6qhfjmr
78,stars1kp22rcpkavm47tt7xahnjjxf4tjdlrf0kk44m6
79,stars1mnv50xcc9vzq5ve3477d6rt2yutz5lehvty3d8
80,stars16x2y54vu2spprz5txrfrsmmrvxvnmytl73g8p6
81,stars16x2y54vu2spprz5txrfrsmmrvxvnmytl73g8p6
82,stars16x2y54vu2spprz5txrfrsmmrvxvnmytl73g8p6
83,stars16x2y54vu2spprz5txrfrsmmrvxvnmytl73g8p6
84,stars1laajngxl3ppdanmejquf80rpwle0aawnactpax
85,stars1uxp6zv65r7m4ekd9myu2nfmmawqs3s4f8hhmls
86,stars1uxp6zv65r7m4ekd9myu2nfmmawqs3s4f8hhmls
87,stars1xm7lau0vas7elyxuyx9e6q4pg0uh3fwy0m5zyk
88,stars1xm7lau0vas7elyxuyx9e6q4pg0uh3fwy0m5zyk
89,stars1xm7lau0vas7elyxuyx9e6q4pg0uh3fwy0m5zyk
90,stars1kp22rcpkavm47tt7xahnjjxf4tjdlrf0kk44m6
91,stars1xx3srpv0x6ak7lxegvkjh3wug5drfdvaxgq4c3
92,stars104algnpncvwvsrm24ds2v2uk34gepg07u44lts
93,stars1xwf5pa0cmawlu6fuc2ygruhlkk5vx93yhgfgz7
94,stars1g0hpuuquyk3t2hgtm74336jvpy6ssue7mpg86n
95,stars10ye6m8k9g39t327yuvnj86y2kq639epzp4h9jv
96,stars15d3ckhuj9verphjcc370ethkf4shkkd5gev4y6
97,stars1vk6z2aa4hwf5kkd07248q8sm5xqzddue5dg8vc
98,stars1twaqkw5fje0xj5z4jxvft6hsd2gxwfk69x2c5n
99,stars10ye6m8k9g39t327yuvnj86y2kq639epzp4h9jv
100,stars1n7d5rf539l6w5fmy8wwpxlt4mlhr7r5g8gyuxq
101,stars152wy5klhjyqekg0wxkltu2y4h0u0tk3qcey57z
102,stars1m529wca76chrqllcdxqe7wgjuts24altpamzeh
103,stars10ye6m8k9g39t327yuvnj86y2kq639epzp4h9jv
104,stars10ye6m8k9g39t327yuvnj86y2kq639epzp4h9jv
105,stars10ye6m8k9g39t327yuvnj86y2kq639epzp4h9jv
106,stars1lcvgw8s9uqvtjnem8h4txqhpvj5evdgd27qv0l
107,stars1lcvgw8s9uqvtjnem8h4txqhpvj5evdgd27qv0l
108,stars1lcvgw8s9uqvtjnem8h4txqhpvj5evdgd27qv0l
109,stars1lcvgw8s9uqvtjnem8h4txqhpvj5evdgd27qv0l
110,stars1lcvgw8s9uqvtjnem8h4txqhpvj5evdgd27qv0l
111,stars1l5x5tzg9v723nurtvkppst9e0q3lmkncl65mar
112,stars1kpuurcmjv0fhan4z923cpadjrpn57qreckmqmw
113,stars1kpuurcmjv0fhan4z923cpadjrpn57qreckmqmw
114,stars1l5x5tzg9v723nurtvkppst9e0q3lmkncl65mar
115,stars1l5x5tzg9v723nurtvkppst9e0q3lmkncl65mar
116,stars1s8gv6d23q3p68caf5szyaw5jx2gwaats70f6qc
117,stars1hx5eeyjep4dwgckys9xx34akvtpy4ga3v4x8z4
118,stars1p57tugeszvnp6zm9r02lgjsqsffsudf5prhqlj
119,stars1p57tugeszvnp6zm9r02lgjsqsffsudf5prhqlj
120,stars1p57tugeszvnp6zm9r02lgjsqsffsudf5prhqlj
121,stars19pmfjylerdheawryjsmryw96stxvjctmf572my
122,stars1z92n47uyeyxwtmfsw44nawy5plxfdxpnq449xk
123,stars1z92n47uyeyxwtmfsw44nawy5plxfdxpnq449xk
124,stars1z92n47uyeyxwtmfsw44nawy5plxfdxpnq449xk
125,stars188y3w6re6ql8xaywl8f0qqepne6hn6edw2qr0d
126,stars1w02ckej86acnn907v0zyvqvzlnc98wqlkvun7l
127,stars1mej7a3lv70hlgpm0u2q0dx7s6q3jqk4agvk8wa
128,stars1mej7a3lv70hlgpm0u2q0dx7s6q3jqk4agvk8wa
129,stars1mej7a3lv70hlgpm0u2q0dx7s6q3jqk4agvk8wa
130,stars1mej7a3lv70hlgpm0u2q0dx7s6q3jqk4agvk8wa
131,stars19pmfjylerdheawryjsmryw96stxvjctmf572my
132,stars1kpuurcmjv0fhan4z923cpadjrpn57qreckmqmw
133,stars15ny8nhw2tsz58y9h8wjpmwjh0zu5phtk6rrnlx
134,stars1upjh84nm03gp7kjgu24sy6qp6569vyqmewhev7
135,stars160wdvp32nwrj8nqvdyvgn84vq8mvd8dv5kfrf7
136,stars19rr80ncg0phfz99mnmfuynw8f98gmq26t5y4xj
137,stars1eehg3ta4s4w0v09pe6egn8rykfmhd6n2wsku87
138,stars1y8hxkacd3hkmvu6c3rjrmxzd0l66l0kzsh6y78
139,stars1gg667xtfgq57e27t7sk9q9skzyd6m9jrp2a2rx
140,stars1eeqtgnzujm72n6l7yh9k2glsgznphgc8nyajxn
141,stars1n54j9up35trva5fddg29ma5zy605agwl50mv4g
142,stars1hx5eeyjep4dwgckys9xx34akvtpy4ga3v4x8z4
143,stars1eeqtgnzujm72n6l7yh9k2glsgznphgc8nyajxn
144,stars1xlm0gsj6y72ewkjyz00zwjzemjhyrz30snsn8n
145,stars1xlm0gsj6y72ewkjyz00zwjzemjhyrz30snsn8n
146,stars1xlm0gsj6y72ewkjyz00zwjzemjhyrz30snsn8n
147,stars1jja7adej0dvt0dn7vdmu06hpql69wqzhqj4g92
148,stars12schuyydm0amrg4460t3dyv57tu9yaga2537vf
149,stars1sdugz4jf590flvcxtsxll7nhp7acl3ev7cnqm4
150,stars1uzgnpf4lfkl28mdlkqrtvy990suwnklantvjw3
151,stars1eeqtgnzujm72n6l7yh9k2glsgznphgc8nyajxn
152,stars1eeqtgnzujm72n6l7yh9k2glsgznphgc8nyajxn
153,stars1eeqtgnzujm72n6l7yh9k2glsgznphgc8nyajxn
154,stars1phjay9jyx7wty20qpts2t78eqq22dvaqxlrect
155,stars1g2mjkrugdjr0h75cwg9ml5r8ynltd4z9pm7dmu
156,stars1t9dgymsxux9266fcmswlj288lh4u4hcqnp2d47
157,stars1yxw7a7f5qxnhchzyfu0gx2j5nrhhachmrayw2a
158,stars1s43l7s99hx627scn2ldd3ey50qpj9frvne4t0a
159,stars12ue5qqqmk72rytegmvkzj7sdsx0tyahxry2jcq
160,stars13a6nz8mej9e9gur525x6d2hfw0ql027nnk65yj
161,stars1337c957mmgat9u6naygt8lg7nxvd79sa0cmjgv
162,stars1zxhrnzlnr2y96rkude3m07pz04xug4eev69mhl
163,stars10vvdsmu84g37nfx9p8k898k3tqqs5kkc3eyc5k
164,stars17guyrfqplultaaw3ad7m0s3ggrmactywug7m0w
165,stars1kkuy7ysjq9wwgd55ftk2zy2svl0xwa6e8hcsse
166,stars1cey8tl97uclnk662036fmqgcpy8tx4caylur2h
167,stars14qwpjdyav8fgn62rx2f4tk9kfz56whhpxm3d7w
168,stars1l2v0cl4zz6k0d3jvrkl0puhr5d5vswk6qhfjmr
169,stars1l2v0cl4zz6k0d3jvrkl0puhr5d5vswk6qhfjmr
170,stars1l2v0cl4zz6k0d3jvrkl0puhr5d5vswk6qhfjmr
171,stars1hzwrqxxw4yqut4ljn44xtwjdy262m0ywnzhre5
172,stars1eu6yf2wjl45qqk4qyj9u9eruy78dk7wg7ftp5j
173,stars1eu6yf2wjl45qqk4qyj9u9eruy78dk7wg7ftp5j
174,stars1eu6yf2wjl45qqk4qyj9u9eruy78dk7wg7ftp5j
175,stars1xm7lau0vas7elyxuyx9e6q4pg0uh3fwy0m5zyk
176,stars1xm7lau0vas7elyxuyx9e6q4pg0uh3fwy0m5zyk
177,stars1l8tugg79yzphl73yf04ykt0mjcj5agpe632zgf
178,stars1a4z0wc53s5ycqrerujuu3z2xra2jryx7yyk7ls
179,stars1c3fx9z7xw09c4uz7r05zvml4pvpyfsedkdstgn
180,stars18l7d9ug2s2qct9cc2j0dcpsnhxagve7fy9pzud
181,stars1xuvw6gwyq8l5c7ndrvksjl44xgf9z54kzp0pj8
182,stars1c2cm256x7m7ufyvkqvfhpp0gdrfsfw4z8m6kur
183,stars1c2cm256x7m7ufyvkqvfhpp0gdrfsfw4z8m6kur
184,stars1c2cm256x7m7ufyvkqvfhpp0gdrfsfw4z8m6kur
185,stars1u5j4l9x3kehxm7qntu6djdhm2lkrlfhmeqpf83
186,stars1mltldsemn6mupxhppzy2cpzlncp6erukhfj77a
187,stars18uekcazhharfnl27e67jw82xzt0thqm0ktdt95
188,stars19j7q2n8am6fmm98dy60p3dn2r6jw4euyh8cg9k
189,stars1tt83xdje9gx99cp8757wjrxzc29nycnq4xnz4a
190,stars1dee0v47ducs0g2rm5e2urx7ruqq43zxa4g2mkr
191,stars1l2v0cl4zz6k0d3jvrkl0puhr5d5vswk6qhfjmr
192,stars170x503z95w0nj5ugl2ckr0890x05zss0k0wmm8
193,stars1z6mm2l43mvdfczn0glel7f3q0pc7zvmysc5c0r
194,stars1e8gddqsrku6j9px3qwsp7kd0lruastrhsu79ms
195,stars1qvmpf9y7g8hqu68f5mq5w9fkdkjkv5jwdjclf0
196,stars1htr84ep3rr7vwkaldqqv7jvpgnd6kekeecxv7g
197,stars1xc2h8lk2ngsd36r7t7k89uxahg8p7j03cag63t
198,stars1w6za9hjhkgxp36svyz8wdh8t29gdrjfkcvtjzq
199,stars1qvj6xdgtfa3w5n63733wlu4qscenvak03vdcgq
200,stars1zqlsxk7xphqn0je2sth25yp9v40n05urcq6rpf
201,stars1pk3lswrmlqmg094csnl2xyh5eeezq843zchcdh
202,stars1uyphdztvh3r4jv23utrht7qtgf0ref34ve3p3m
203,stars1ss3g0my9e38cr7pdgwp8syq0vmhpu3rnnrga4s
204,stars1ss3g0my9e38cr7pdgwp8syq0vmhpu3rnnrga4s
205,stars1q2yjru58ap4l67g3w6ngtyspkk5edrz9s6e3am
206,stars1c8e4fyz822wk463unqd6ku6ajquw8ryuqflpvj
207,stars1fr4yerwpeml83ktxsk82nhdq4wfrqp4uyllkzy
208,stars1exl5zd40r8f4lw5rlmd5qz4np8hwnms5w2ta7f
209,stars1q6lr675ut5kz32vmwmpd0rc6a3pdr7202mqjh7
210,stars1zs80vefq4c99mwuaxps9m5xl8cng2jvztklhh8
211,stars1jttkyrrlfwdesa7d88tcu544dxh27upv5ah4j6
212,stars10a29hu7chl55ar4wsyjueqxc7smudpvrjlh53k
213,stars1r5a5jej5d77f344utder7kx3sw37yajh8wfpuk
214,stars1nrsl4auce6fgpsnqr80xsfad7qgkrcs8jqww96
215,stars1nzjg55wytpwq8xs58tvul88uckut8z322achzt
216,stars1nzjg55wytpwq8xs58tvul88uckut8z322achzt
217,stars1zuw5cy0d33xslueltr74htdsztwl2ccjw9q69l
218,stars165nlvrcfn9eyerdy0w5vc3pkuasp7m86dlfrpt
219,stars165nlvrcfn9eyerdy0w5vc3pkuasp7m86dlfrpt
220,stars1ew3ussp5skkxkew8jrw6emr706f6y2j3s2a7eh
221,stars104algnpncvwvsrm24ds2v2uk34gepg07u44lts
222,stars13leh6cy9g6jl2t78jlcuw5j4q5r8hzjvn4s4vv
223,stars1830649ahmsntdtqm4633cpslt3qllrfpu6jjtu
224,stars19jymccs94r957s4arsdysmdcmt8q66p7g3hzgy
225,stars1g0304jp4gwwt42mdsylvk2sgmwkrqpay0rqn7a