token_id,address
1,juno195juhpvpkgzpqcpqwvqx74zg58tcvjyfmxv70q
2,juno1l2v0cl4zz6k0d3jvrkl0puhr5d5vswk6zea5hw
3,juno1eehg3ta4s4w0v09pe6egn8rykfmhd6n2v7z6tn
4,juno1n7htchn6skls0v8h7mwlaa68ya30lxrg5whglx
5,juno1nzjg55wytpwq8xs58tvul88uckut8z32gnv3wx
6,juno18qnppcmadr75f5y5n25uqgq3snrktx335a0e6l
7,juno1l5x5tzg9v723nurtvkppst9e0q3lmknca5qa3w
8,juno1vkthfcdhnn4uvz83q29vwkx2qpzjmpue2arhpw
9,juno15rph43lzyqe2gem93nxxxalxqvqe7gg48sw8lk
10,juno17x2ry75hddumjswr2gr7hwfle7hdtned7wre9q
11,juno16dtzn6748f69anpk9ukpdq4xzmfhtun7jtxwuf
12,juno12schuyydm0amrg4460t3dyv57tu9yagag69cqy
13,juno1h73qxxw84x8tumyxv4v4qealrc3pf6zgrsvvdy
14,juno1n8j9xve22sh5arf2kfdtdde46udztadapjn4fy
15,juno1c6qypwp802l7z4xj5dad6t5p5wx2zecekvjm94
16,juno1khlp85mj5ljv9lgyam4a3l30jml8eadpsmvq26
17,juno1uz07k6e0txmv3agfczp4yqm7zsl32fkw4qahxz
18,juno188y3w6re6ql8xaywl8f0qqepne6hn6edvy59rq
19,juno129lt5v9etr4k70q05zlr7nll92kkcp9r32y294
20,juno1zxx8j75ngm8m38v9l5wreaavwnsuun7g8azh87
21,juno1830649ahmsntdtqm4633cpslt3qllrfp75x583
22,juno1pv8u5y23yq6kvqr4rdxx9hgcqz0dkrgvefxay2
23,juno1e9kuj2xheyhmjyfjpx6xc78qs6eqnu9s38p925
24,juno1t3adzuwzq9wgqsksvq62m3q3jj5syccntk2sp0
25,juno1q2yjru58ap4l67g3w6ngtyspkk5edrz9j5dh3k
26,juno1xug46uep68c3g6nx5dt8m3jvxvfdenrkqq3th2
27,juno1jyc2gx72jt0h0puwck5n9r3ag74q3v6e24wrg2
28,juno1z92n47uyeyxwtmfsw44nawy5plxfdxpnzmpr2m
30,juno1uyjwsywch5h6x9pwrakj46y6fcr3a9w6c4z4fz
32,juno1tff7089cf7fnvt322f6mg7yqhwzncel5ded226
33,juno12gnkn36sk0wfnrhsfr74ep8qa68pa4gjvkag5k
37,juno1mgd5hkprap8y8jnkptjmm884ymjf2nvrpzvth5
39,juno1tntg3chczq232cgxdskd2z7sx24peqjved9zeu
42,juno1ugrr5j3m7l2f6daa43e87dhtmjyqu4de0dn8s7
44,juno1pw4j58t52qe265q3j99h3fpgz5zkxej6zkst4p
46,juno1uzgnpf4lfkl28mdlkqrtvy990suwnkla39c5zu
47,juno1sn9q36shl7zlyw4q7q8cvs88pc4v3trval4aye
48,juno1twaqkw5fje0xj5z4jxvft6hsd2gxwfk68g77c7
49,juno1fprwljg0qkgrxgkcudf4g75t7pm05s5kle68cm
50,juno1km26nq7cfqe3ljalgx2zzj6h3wppunfn35xlth
52,juno1nllnffudccy2f6wrfv4djaadsvqsr2law7k0pc
53,juno1edz0jjwle27syxwr90y9vn40tt2g8wxanghj48
56,juno1p06guptkql3eannp5cl5qeqh27xwhzjqute42l
60,juno1k7jf576xnk20u7k8ca85lsnsdsu9q7waccjr90
61,juno1kpuurcmjv0fhan4z923cpadjrpn57qre6c0xhr
63,juno1mvk8603ksv5spt9epgruemcqdh3qruze8ls8ew
64,juno1xc2h8lk2ngsd36r7t7k89uxahg8p7j036nuuax
67,juno1k325h8hhqclgfxmexe3crjrkavqn3pqw7m2r8v
68,juno1jcs6z3dhxp6n7x4tfdehcp5qj4gm0n9qerqmms
70,juno1lugz5yxmlvppjrzrsl9a95yy05k9j58dfzww64
71,juno1973qhhswmsf0y99h88t40v7ecgzqhs6rf8g473
72,juno1chwml4tca69lpwezharl8rv3mz97rtwlqdg66j
73,juno1rldjvwd52tmgmpxq5cs03ffp2yptlp6ncn5zsn
75,juno1u5j4l9x3kehxm7qntu6djdhm2lkrlfhmmw40tu
78,juno1kp22rcpkavm47tt7xahnjjxf4tjdlrf05cpnhh
79,juno1mnv50xcc9vzq5ve3477d6rt2yutz5lehw9shp2
80,juno16x2y54vu2spprz5txrfrsmmrvxvnmytlulupdh
84,juno1laajngxl3ppdanmejquf80rpwle0aawnlkl83t
85,juno1uxp6zv65r7m4ekd9myu2nfmmawqs3s4f9erana
87,juno1xm7lau0vas7elyxuyx9e6q4pg0uh3fwyd4qygm
91,juno1xx3srpv0x6ak7lxegvkjh3wug5drfdvayx5n5u
92,juno104algnpncvwvsrm24ds2v2uk34gepg077mpe8a
93,juno1xwf5pa0cmawlu6fuc2ygruhlkk5vx93y4xawwn
94,juno1g0hpuuquyk3t2hgtm74336jvpy6ssue7e0upk7
95,juno10ye6m8k9g39t327yuvnj86y2kq639epzrmrr7p
96,juno1l0jzp9lvxxpvhl80h7pq5z5rlhfjgsd7v7zva6
97,juno1vk6z2aa4hwf5kkd07248q8sm5xqzdduekrupq4
100,juno1n7d5rf539l6w5fmy8wwpxlt4mlhr7r5g9xs62d
106,juno1lcvgw8s9uqvtjnem8h4txqhpvj5evdgdgs52rj
116,juno1s8gv6d23q3p68caf5szyaw5jx2gwaatsupauv4
117,juno1hx5eeyjep4dwgckys9xx34akvtpy4ga3wmjpwc
118,juno1p57tugeszvnp6zm9r02lgjsqsffsudf5rdrxnl
121,juno19pmfjylerdheawryjsmryw96stxvjctmt62vhf
126,juno1w02ckej86acnn907v0zyvqvzlnc98wql5zg4jj
127,juno1mej7a3lv70hlgpm0u2q0dx7s6q3jqk4a2zzpzs
133,juno15ny8nhw2tsz58y9h8wjpmwjh0zu5phtkcdh4nt
134,juno1upjh84nm03gp7kjgu24sy6qp6569vyqmmqrlqn
135,juno160wdvp32nwrj8nqvdyvgn84vq8mvd8dvkca99n
136,juno19rr80ncg0phfz99mnmfuynw8f98gmq26f6sn2l
138,juno1y8hxkacd3hkmvu6c3rjrmxzd0l66l0kzjewzj2
139,juno1gg667xtfgq57e27t7sk9q9skzyd6m9jrryfv0t
140,juno1eeqtgnzujm72n6l7yh9k2glsgznphgc832f527
141,juno1n54j9up35trva5fddg29ma5zy605agwlkp02e9
144,juno1xlm0gsj6y72ewkjyz00zwjzemjhyrz30jay4t7
147,juno1jja7adej0dvt0dn7vdmu06hpql69wqzhzupwf8
149,juno1sdugz4jf590flvcxtsxll7nhp7acl3evuk8xhc
154,juno1phjay9jyx7wty20qpts2t78eqq22dvaqy3hl5x
155,juno1g2mjkrugdjr0h75cwg9ml5r8ynltd4z9r42th3
156,juno1t9dgymsxux9266fcmswlj288lh4u4hcq307ten
157,juno1yxw7a7f5qxnhchzyfu0gx2j5nrhhachmpnsgxs
158,juno1s43l7s99hx627scn2ldd3ey50qpj9frv3hpdrs
159,juno12ue5qqqmk72rytegmvkzj7sdsx0tyahxp2755d
160,juno13a6nz8mej9e9gur525x6d2hfw0ql027n3cwjgl
161,juno1337c957mmgat9u6naygt8lg7nxvd79sadk05yp
162,juno1zxhrnzlnr2y96rkude3m07pz04xug4eew53amj
163,juno10vvdsmu84g37nfx9p8k898k3tqqs5kkcnhs7cm
164,juno17guyrfqplultaaw3ad7m0s3ggrmactyw7x2arr
165,juno1kkuy7ysjq9wwgd55ftk2zy2svl0xwa6e9evku5
166,juno1cey8tl97uclnk662036fmqgcpy8tx4cax3g9x6
167,juno14qwpjdyav8fgn62rx2f4tk9kfz56whhpy49tjr
171,juno1hzwrqxxw4yqut4ljn44xtwjdy262m0yw3vr94e
172,juno1eu6yf2wjl45qqk4qyj9u9eruy78dk7wgu8l8cl
177,juno1l8tugg79yzphl73yf04ykt0mjcj5agpecl7yyy
178,juno1a4z0wc53s5ycqrerujuu3z2xra2jryx7x2zcna
179,juno1c3fx9z7xw09c4uz7r05zvml4pvpyfsed5rydy7
180,juno18l7d9ug2s2qct9cc2j0dcpsnhxagve7fxt4ysq
181,juno1xuvw6gwyq8l5c7ndrvksjl44xgf9z54kq0m872
182,juno1c2cm256x7m7ufyvkqvfhpp0gdrfsfw4z94wssw
186,juno1mltldsemn6mupxhppzy2cpzlncp6eruk48xcjs
187,juno18uekcazhharfnl27e67jw82xzt0thqm059edfe
188,juno19j7q2n8am6fmm98dy60p3dn2r6jw4euy4fvwfm
189,juno1tt83xdje9gx99cp8757wjrxzc29nycnqhg8yes
190,juno1dee0v47ducs0g2rm5e2urx7ruqq43zxahx7a6w
192,juno170x503z95w0nj5ugl2ckr0890x05zss05p6ah2
193,juno1z6mm2l43mvdfczn0glel7f3q0pc7zvmyjkq7rw
194,juno1e8gddqsrku6j9px3qwsp7kd0lruastrhjj2rha
195,juno1qvmpf9y7g8hqu68f5mq5w9fkdkjkv5jw0uve9z
196,juno1htr84ep3rr7vwkaldqqv7jvpgnd6kekemkj2j9
198,juno1w6za9hjhkgxp36svyz8wdh8t29gdrjfk6zl5wd
199,juno1qvj6xdgtfa3w5n63733wlu4qscenvak0nze7yd
200,juno1zqlsxk7xphqn0je2sth25yp9v40n05ur6ww9dy
201,juno1pk3lswrmlqmg094csnl2xyh5eeezq843qkr7p6
202,juno1uyphdztvh3r4jv23utrht7qtgf0ref34wh98ak
203,juno1ss3g0my9e38cr7pdgwp8syq0vmhpu3rn3dumea
206,juno1c8e4fyz822wk463unqd6ku6ajquw8ryuz8t8ql
207,juno1fr4yerwpeml83ktxsk82nhdq4wfrqp4ux3tswf
208,juno1exl5zd40r8f4lw5rlmd5qz4np8hwnms5vylmjy
209,juno1q6lr675ut5kz32vmwmpd0rc6a3pdr720g455mn
210,juno1zs80vefq4c99mwuaxps9m5xl8cng2jvzfct3m2
211,juno1jttkyrrlfwdesa7d88tcu544dxh27upvknrn7h
212,juno10a29hu7chl55ar4wsyjueqxc7smudpvrs3rjam
213,juno1r5a5jej5d77f344utder7kx3sw37yajh9qa8sm
214,juno1nrsl4auce6fgpsnqr80xsfad7qgkrcs8sw6gfh
217,juno1zuw5cy0d33xslueltr74htdsztwl2ccjvt5ufj
218,juno165nlvrcfn9eyerdy0w5vc3pkuasp7m8603a9dx
,juno1sdercqclf4xmap0kdpqzwunvnljvzkv9q2s7kd
